{"cameraMode":{"drawMode":0,"name":"Shaded","section":"Shading Mode"},"sceneLighting":false,"audioPlay":false,"sceneViewState":{"m_AlwaysRefresh":false,"showFog":true,"showSkybox":true,"showFlares":true,"showImageEffects":true,"showParticleSystems":true,"showVisualEffectGraphs":true,"m_FxEnabled":true},"in2DMode":false,"pivot":{"x":109.40090942382813,"y":-10.990386962890625,"z":-10.86895751953125},"rotation":{"x":0.0089236069470644,"y":-0.9635435938835144,"z":0.2654341459274292,"w":0.032393231987953189},"size":353.55340576171877,"orthographic":false}