{"cameraMode":{"drawMode":0,"name":"Shaded","section":"Shading Mode"},"sceneLighting":false,"audioPlay":false,"sceneViewState":{"m_AlwaysRefresh":false,"showFog":true,"showSkybox":false,"showFlares":true,"showImageEffects":true,"showParticleSystems":true,"showVisualEffectGraphs":true,"m_FxEnabled":true},"in2DMode":false,"pivot":{"x":-13.663747787475586,"y":0.9808942079544067,"z":-29.579315185546876},"rotation":{"x":0.0296140406280756,"y":0.9598985314369202,"z":-0.11117802560329437,"w":0.2556633949279785},"size":2.2068660259246828,"orthographic":false}